tt0381061,Casino Royale,2006,"Action, Adventure, Thriller",Martin Campbell,"Daniel Craig, Eva Green, Mads Mikkelsen, Judi Dench"
tt0065000,Slogan,1969,"Comedy, Drama",Pierre Grimblat,"Serge Gainsbourg, Jane Birkin, Andr√©a Parisy, Daniel G√©lin"
tt0134119,The Talented Mr. Ripley,1999,"Crime, Drama, Thriller",Anthony Minghella,"Matt Damon, Gwyneth Paltrow, Jude Law, Cate Blanchett"
tt4191374,Ti voglio bene,2015,Documentary,Lyia Terki,N/A
tt1465791,The Bold and the Beautiful,2000,"Drama, Romance",N/A,"Rosita Celentano, Darlene Conley, Andrea Evans, Adrienne Frantz"
tt1466296,The Bold and the Beautiful,2000,"Drama, Romance",Michael Stich,"Michaela DeAngelis, Antonio Del Prete, Andrea Evans, Adrienne Frantz"
tt1079040,Episode #1.3213,2000,"Drama, Romance","Deveney Kelly, Michael Stich","Victor Alfieri, Leif Campion, Neil Campion, Adrienne Frantz"
tt0793030,The Amazing Race,2003,"Action, Adventure, Game-Show",N/A,"Phil Keoghan, Kelly Parks, Jon Corso, Monica Ambrose"
tt1530337,Episode #1.3220,2000,"Drama, Romance",N/A,"Susan Flannery, Adrienne Frantz, Winsor Harmon, Katherine Kelly Lang"
tt0381061,Casino Royale,2006,"Action, Adventure, Thriller",Martin Campbell,"Daniel Craig, Eva Green, Mads Mikkelsen, Judi Dench"
tt3665052,Spise med Price,2014,Documentary,Jacob Benjamin Snedevig,"Adam Price, James Price, John Price"
tt0101330,Americano rosso,1991,Comedy,Alessandro D'Alatri,"Burt Young, Fabrizio Bentivoglio, Valeria Milillo, Sabrina Ferilli"
tt2678730,Quayle,2013,"Short, Crime, Mystery, Romance",Federico Sanna,"Maurizio Di Meo, Neal Polister, Alistair McKenzie, Brett Mack"
tt4191374,Ti voglio bene,2015,Documentary,Lyia Terki,N/A
tt1418960,Understanding Alice,2006,"Short, Drama",Roshanna Sidney Evans,"Paola Brolati, Roshanna Sidney Evans, Carolina Levi"
tt0079574,Moonraker,1979,"Action, Adventure, Crime",Lewis Gilbert,"Roger Moore, Lois Chiles, Michael Lonsdale, Richard Kiel"
tt0432179,Venice Report,1997,"Documentary, Short",Liam O Mochain,"Liam O Mochain, Sylvester Stallone, Robert De Niro, Ray Liotta"
tt0075318,The Career of a Chambermaid,1976,Comedy,Dino Risi,"Agostina Belli, Cochi Ponzoni, Maurizio Arena, William Berger"
tt1527596,Beyond Melodrama: Kathryn Bigelow on Douglas Sirk,2008,"Documentary, Short",Robert Fischer,Kathryn Bigelow
tt0067445,Death in Venice,1971,Drama,Luchino Visconti,"Dirk Bogarde, Romolo Valli, Mark Burns, Nora Ricci"
tt0489743,Kill Gil Volume 1,2005,Documentary,Gil Rossellini,"Michael Baumberger, Cornelia Buhler, Sybil Buhlman, Michele Diomedi"
tt0225648,Estasi,1993,"Mystery, Thriller","Maria Carmela Cicinnati, Peter Exacoustos","Ornella Muti, Marco Bonini, Tomas Arana, Domiziano Arcangeli"
tt0460430,Un controtipo - appunti su Gillo Pontecorvo,2005,"Documentary, Biography",Hendrick Wijmans,"Marcello Gatti, Tullio Kezich, Giuliano Montaldo, Ennio Morricone"
tt0057960,Love Meetings,1964,Documentary,Pier Paolo Pasolini,"Pier Paolo Pasolini, Lello Bersani, Io Apolloni, Ignazio Buttitta"
tt0079574,Moonraker,1979,"Action, Adventure, Crime",Lewis Gilbert,"Roger Moore, Lois Chiles, Michael Lonsdale, Richard Kiel"
tt0116242,Everyone Says I Love You,1996,"Comedy, Musical, Romance",Woody Allen,"Edward Norton, Drew Barrymore, Diva Gray, Ami Almendral"
tt0093703,Parco delle rimembranze,1987,"Documentary, Short",Michael Pilz,N/A
tt2575732,"San Marco, Venice",1964,Family,N/A,Kenneth Clark
tt0038226,La vita semplice,1946,N/A,Francesco De Robertis,"Luciano De Ambrosis, Giulio Stival, Anna Bianchi, Maurizio D'Ancora"
tt0037259,Without Family,1946,N/A,Giorgio Ferroni,"Luciano De Ambrosis, Erminio Spalla, Bianca Doria, Elio Steiner"
tt0185641,Ritorno al nido,1946,N/A,Giorgio Ferroni,"Luciano De Ambrosis, Erminio Spalla, Bianca Doria, Elio Steiner"
tt0047469,Senso,1954,"Drama, History, Romance",Luchino Visconti,"Alida Valli, Farley Granger, Heinz Moog, Rina Morelli"
tt0070109,Giordano Bruno,1973,"Biography, Drama",Giuliano Montaldo,"Gian Maria Volont√©, Hans Christian Blech, Mathieu Carri√®re, Renato Scarpa"
tt0116242,Everyone Says I Love You,1996,"Comedy, Musical, Romance",Woody Allen,"Edward Norton, Drew Barrymore, Diva Gray, Ami Almendral"
tt0097576,Indiana Jones and the Last Crusade,1989,"Action, Adventure",Steven Spielberg,"Harrison Ford, Sean Connery, Denholm Elliott, Alison Doody"
tt0793030,The Amazing Race,2003,"Action, Adventure, Game-Show",N/A,"Phil Keoghan, Kelly Parks, Jon Corso, Monica Ambrose"
tt0285335,The Amazing Race,2001‚Äì,"Action, Adventure, Game-Show",N/A,Phil Keoghan
tt0793017,I Wasn't Even Going to Touch You Until You Slammed My Head Backwards!,2003,"Action, Adventure, Game-Show",N/A,"Phil Keoghan, Kelly Parks, Jon Corso, Monica Ambrose"
tt0040090,The Lovers of Verona,1949,Drama,Andr√© Cayatte,"Serge Reggiani, Anouk Aim√©e, Pierre Brasseur, Louis Salou"
tt0069995,Don't Look Now,1973,"Drama, Horror, Thriller",Nicolas Roeg,"Julie Christie, Donald Sutherland, Hilary Mason, Clelia Matania"
tt0381061,Casino Royale,2006,"Action, Adventure, Thriller",Martin Campbell,"Daniel Craig, Eva Green, Mads Mikkelsen, Judi Dench"
tt2812828,Giuseppe Verdi: Messa Da Requiem,2007,Music,Tiziano Mancini,"Norma Fantini, Anna Smirnova, Francesco Meli, Rafal Siwek"
tt1112836,Hitler & Mussolini - Eine brutale Freundschaft,2007,Documentary,"Ullrich Kasten, Hans von Brescius","Adolf Hitler, Benito Mussolini"
tt0389493,Vi saluto dall'altro mondo,1944,N/A,Dino Hobbes Cecchini,"Laura Carli, Giorgio Ferroni, Elio Steiner"
tt0079574,Moonraker,1979,"Action, Adventure, Crime",Lewis Gilbert,"Roger Moore, Lois Chiles, Michael Lonsdale, Richard Kiel"
tt1243957,The Tourist,2010,"Action, Romance, Thriller",Florian Henckel von Donnersmarck,"Johnny Depp, Angelina Jolie, Paul Bettany, Timothy Dalton"
tt0072364,The Voyage,1974,"Drama, Romance",Vittorio De Sica,"Sophia Loren, Richard Burton, Ian Bannen, Barbara Pilavin"
tt0472521,Magic Mirror,2005,"Drama, Music",Manoel de Oliveira,"Leonor Silveira, Ricardo Tr√™pa, Lu√≠s Miguel Cintra, Leonor Baldaque"
tt3665052,Spise med Price,2014,Documentary,Jacob Benjamin Snedevig,"Adam Price, James Price, John Price"
tt0078488,Who Is Killing the Great Chefs of Europe?,1978,"Comedy, Mystery, Crime",Ted Kotcheff,"George Segal, Jacqueline Bisset, Robert Morley, Jean-Pierre Cassel"
tt0079574,Moonraker,1979,"Action, Adventure, Crime",Lewis Gilbert,"Roger Moore, Lois Chiles, Michael Lonsdale, Richard Kiel"
tt1530338,The Bold and the Beautiful,2000,"Drama, Romance",N/A,"Bobbie Eakes, Adrienne Frantz, Winsor Harmon, Ronn Moss"
tt1530339,The Bold and the Beautiful,2000,"Drama, Romance",N/A,"Bobbie Eakes, Andrea Evans, Adrienne Frantz, Winsor Harmon"
tt0047469,Senso,1954,"Drama, History, Romance",Luchino Visconti,"Alida Valli, Farley Granger, Heinz Moog, Rina Morelli"
tt0381061,Casino Royale,2006,"Action, Adventure, Thriller",Martin Campbell,"Daniel Craig, Eva Green, Mads Mikkelsen, Judi Dench"
tt0134119,The Talented Mr. Ripley,1999,"Crime, Drama, Thriller",Anthony Minghella,"Matt Damon, Gwyneth Paltrow, Jude Law, Cate Blanchett"
tt0047469,Senso,1954,"Drama, History, Romance",Luchino Visconti,"Alida Valli, Farley Granger, Heinz Moog, Rina Morelli"
tt0047469,Senso,1954,"Drama, History, Romance",Luchino Visconti,"Alida Valli, Farley Granger, Heinz Moog, Rina Morelli"
tt0036817,Fatto di cronaca,1945,N/A,Piero Ballerini,"Osvaldo Valenti, Luisa Ferida, Anna Capodaglio, Milena Penovich"
tt0047905,La buona fortuna,1945,N/A,Fernando Cerchio,"Maurizio D'Ancora, Anna Bianchi, Olga Solbelli, Emilio Baldanello"
tt0038226,La vita semplice,1946,N/A,Francesco De Robertis,"Luciano De Ambrosis, Giulio Stival, Anna Bianchi, Maurizio D'Ancora"
tt0037169,Peccatori,1945,Drama,Flavio Calzavara,"Memo Benassi, Renato Bossi, Anna Capodaglio, Frida Carbonetti"
tt0036604,L'angelo del miracolo,1945,N/A,Piero Ballerini,"Emma Gramatica, Attilio Dottesio, Milena Penovich, Bianca Doria"
tt0037189,Posto di blocco,1945,N/A,Ferruccio Cerio,"Armando Anselmo, Leony Bert, Susi Butti, Franco Castellani"
tt0037394,Trent'anni di servizio,1945,N/A,Mario Baffico,"Emilio Baldanello, Cesco Baseggio, Leony Bert, Tino Bianchi"
tt0037144,Ogni giorno √® domenica,1946,N/A,Mario Baffico,"Giuliana Pinelli, Roberto Bossi, Emilio Baldanello, Olga Solbelli"
tt0036585,Aeroporto,1944,Drama,Piero Costa,"Anna Arena, Attilio Dottesio, Carlo Minello, Clara Zani"
tt0040090,The Lovers of Verona,1949,Drama,Andr√© Cayatte,"Serge Reggiani, Anouk Aim√©e, Pierre Brasseur, Louis Salou"
tt0876438,Endstation Venedig,2006,Crime,Sigi Rothemund,"Uwe Kockisch, Julia J√§ger, Michael Degen, Karl Fischer"
tt0067445,Death in Venice,1971,Drama,Luchino Visconti,"Dirk Bogarde, Romolo Valli, Mark Burns, Nora Ricci"
tt0852506,Pumuckls rotes Bild,1999,"Animation, Family",Imo Moszkowicz,"Towje Kleiner, Wolfgang V√∂lz, Martin √ñstreicher, Hans Clarin"
tt0034347,Man of the Sea,1942,Drama,"Belisario L. Randone, Roberto de Rib√≥n","Massimo Serato, Mar√≠a Mercader, Enrico Glori, Flavio D√≠az"
tt0181652,Leo e Beo,1998,Comedy,Rossella Izzo,"Marco Columbro, Sabrina Ferilli, Leo Gullotta, Catherine Wilkening"
tt2036388,Shun Li and the Poet,2011,Drama,Andrea Segre,"Tao Zhao, Rade Serbedzija, Marco Paolini, Roberto Citran"
tt0036248,Paese senza pace,1946,Drama,"Leo Menardi, Carlo Lodovici","Cesco Baseggio, Giulio Stival, Isa Pola, Rossano Brazzi"
tt4175224,Barinia: Food and People of the Mediterranean,2014‚Äì,Documentary,N/A,N/A
tt1528179,Vendetta,2010,"Crime, Drama",Andreas Herzog,"Ornella Muti, Gerd Silberbauer, Michel Guillaume, Bianca Hein"
tt1427333,Very Important Pennis: Part 1,1996,Comedy,N/A,"Paul Kaye, Kris Akabusi, Giorgio Armani, Baz Bamigboye"
tt0069995,Don't Look Now,1973,"Drama, Horror, Thriller",Nicolas Roeg,"Julie Christie, Donald Sutherland, Hilary Mason, Clelia Matania"
tt0067445,Death in Venice,1971,Drama,Luchino Visconti,"Dirk Bogarde, Romolo Valli, Mark Burns, Nora Ricci"
tt0381061,Casino Royale,2006,"Action, Adventure, Thriller",Martin Campbell,"Daniel Craig, Eva Green, Mads Mikkelsen, Judi Dench"
tt0793030,The Amazing Race,2003,"Action, Adventure, Game-Show",N/A,"Phil Keoghan, Kelly Parks, Jon Corso, Monica Ambrose"
tt0285335,The Amazing Race,2001‚Äì,"Action, Adventure, Game-Show",N/A,Phil Keoghan
tt0793017,I Wasn't Even Going to Touch You Until You Slammed My Head Backwards!,2003,"Action, Adventure, Game-Show",N/A,"Phil Keoghan, Kelly Parks, Jon Corso, Monica Ambrose"
tt0079574,Moonraker,1979,"Action, Adventure, Crime",Lewis Gilbert,"Roger Moore, Lois Chiles, Michael Lonsdale, Richard Kiel"
tt0079574,Moonraker,1979,"Action, Adventure, Crime",Lewis Gilbert,"Roger Moore, Lois Chiles, Michael Lonsdale, Richard Kiel"
tt0069995,Don't Look Now,1973,"Drama, Horror, Thriller",Nicolas Roeg,"Julie Christie, Donald Sutherland, Hilary Mason, Clelia Matania"
tt2923192,Il lavoro contro la vita,1979,Documentary,"Anna Lajolo, Alfredo Leonardi, Guido Lombardi",N/A
tt0097576,Indiana Jones and the Last Crusade,1989,"Action, Adventure",Steven Spielberg,"Harrison Ford, Sean Connery, Denholm Elliott, Alison Doody"
tt0317740,The Italian Job,2003,"Action, Crime, Thriller",F. Gary Gray,"Mark Wahlberg, Charlize Theron, Donald Sutherland, Jason Statham"
tt0381061,Casino Royale,2006,"Action, Adventure, Thriller",Martin Campbell,"Daniel Craig, Eva Green, Mads Mikkelsen, Judi Dench"
tt0048673,Summertime,1955,"Romance, Drama",David Lean,"Katharine Hepburn, Rossano Brazzi, Isa Miranda, Darren McGavin"
tt1427333,Very Important Pennis: Part 1,1996,Comedy,N/A,"Paul Kaye, Kris Akabusi, Giorgio Armani, Baz Bamigboye"
tt0842515,Conny und die verschwundene Ehefrau,2005,"Comedy, Crime",Reinhard Schwabenitzky,"Elfi Eschke, Peter Fricke, Stefanie Frischeis, Johannes Krisch"
tt2127272,Eclissi di fine stagione,2011,"Short, Comedy",Vito Palmieri,"Asad Ali, Ilir Jacellari, Leo Mantovani, Klodiana Muhaxhiri"
tt0067956,The Designated Victim,1971,Thriller,Maurizio Lucidi,"Tomas Milian, Pierre Cl√©menti, Katia Christine, Luigi Casellato"
tt0793030,The Amazing Race,2003,"Action, Adventure, Game-Show",N/A,"Phil Keoghan, Kelly Parks, Jon Corso, Monica Ambrose"
tt1610018,Vespers in Venice,1989,Music,Jonathan Fulford,N/A
tt0079574,Moonraker,1979,"Action, Adventure, Crime",Lewis Gilbert,"Roger Moore, Lois Chiles, Michael Lonsdale, Richard Kiel"
tt0346336,The Best of Youth,2003,"Drama, Romance",Marco Tullio Giordana,"Luigi Lo Cascio, Alessio Boni, Sonia Bergamasco, Maya Sansa"
tt0381061,Casino Royale,2006,"Action, Adventure, Thriller",Martin Campbell,"Daniel Craig, Eva Green, Mads Mikkelsen, Judi Dench"
tt0083390,Brideshead Revisited,1981,"Drama, Romance",N/A,"Jeremy Irons, Diana Quick, Roger Milner, Phoebe Nicholls"
tt0381061,Casino Royale,2006,"Action, Adventure, Thriller",Martin Campbell,"Daniel Craig, Eva Green, Mads Mikkelsen, Judi Dench"
tt0078288,Bloodstained Shadow,1978,"Mystery, Thriller",Antonio Bido,"Lino Capolicchio, Stefania Casini, Craig Hill, Massimo Serato"
tt0079574,Moonraker,1979,"Action, Adventure, Crime",Lewis Gilbert,"Roger Moore, Lois Chiles, Michael Lonsdale, Richard Kiel"
tt1454188,Coach Trip,2009,Reality-TV,Keeley van Dyke,"Brendan Sheerin, David Quantick"
tt1347516,Eine Liebe in Venedig,2009,N/A,Klaus Wirbitzky,"Mira Bartuschek, Markus B√∂ker, Oliver Bootz, Michaela May"
tt0055535,Tot√≤truffa '62,1961,Comedy,Camillo Mastrocinque,"Tot√≤, Nino Taranto, Estella Blain, Geronimo Meynier"
tt2157452,The Decline of the West,2013,"Comedy, Horror, Sci-Fi",Chris Coffman,"Chris Coffman, John Russell Herbert, Kathryn Winkler"
tt0055141,Marco Polo,1962,Adventure,"Piero Pierotti, Hugo Fregonese","Rory Calhoun, Y√¥ko Tani, Camillo Pilotto, Pierre Cressoy"
tt1048395,Episode #1.3212,2000,"Drama, Romance","Susan Flannery, Michael Stich","Victor Alfieri, Andrea Evans, Adrienne Frantz, Katherine Kelly Lang"
tt4191374,Ti voglio bene,2015,Documentary,Lyia Terki,N/A
tt1079040,Episode #1.3213,2000,"Drama, Romance","Deveney Kelly, Michael Stich","Victor Alfieri, Leif Campion, Neil Campion, Adrienne Frantz"
tt1248970,Alien Sex Files 3: Aliens Gone Wild,2008,Sci-Fi,Milos Twilight,"Michael Stark, Andrew Aguilar, Jenae Altschwager, Chriss Anglin"
tt0059690,Se non avessi pi√π te,1965,Musical,Ettore Maria Fizzarotti,"Gianni Morandi, Laura Efrikian, Anna Maria Polani, Nino Taranto"
tt0065000,Slogan,1969,"Comedy, Drama",Pierre Grimblat,"Serge Gainsbourg, Jane Birkin, Andr√©a Parisy, Daniel G√©lin"
tt0075676,Amore,1978,"Comedy, Romance",Klaus Lemke,"Cleo Kretschmer, Pietro Giardini, Peter Kienberger, Wolfgang Fierek"
tt2526664,Italy in a Day,2014,Documentary,Gabriele Salvatores,"Valeria Cocco, Lorenzo Ciani, Alessia Gatti, Nikolas Grasso"
tt0057076,From Russia with Love,1963,"Action, Adventure, Thriller",Terence Young,"Sean Connery, Daniela Bianchi, Pedro Armend√°riz, Lotte Lenya"
tt3665052,Spise med Price,2014,Documentary,Jacob Benjamin Snedevig,"Adam Price, James Price, John Price"
tt0079574,Moonraker,1979,"Action, Adventure, Crime",Lewis Gilbert,"Roger Moore, Lois Chiles, Michael Lonsdale, Richard Kiel"
tt0079574,Moonraker,1979,"Action, Adventure, Crime",Lewis Gilbert,"Roger Moore, Lois Chiles, Michael Lonsdale, Richard Kiel"
tt1815576,A qualcuno piace carta,2007,Comedy,Sosthen Hennekam,Ennio Marchetto
tt3404342,Il nipote di Rameau,2013,Drama,Felice Cappa,"Silvio Orlando, Amerigo Fontani, Maria Laura Rondanini, Luca Testa"
tt4191374,Ti voglio bene,2015,Documentary,Lyia Terki,N/A
tt0381061,Casino Royale,2006,"Action, Adventure, Thriller",Martin Campbell,"Daniel Craig, Eva Green, Mads Mikkelsen, Judi Dench"
tt0062998,Galileo,1968,"Drama, History",Liliana Cavani,"Cyril Cusack, Georgi Kaloyanchev, Nikolay Doychev, Miroslav Mindov"
tt0064828,Porcile,1969,Drama,Pier Paolo Pasolini,"Pierre Cl√©menti, Jean-Pierre L√©aud, Alberto Lionello, Ugo Tognazzi"
tt0102640,The Gamble,1988,"Comedy, History",Carlo Vanzina,"Matthew Modine, Faye Dunaway, Jennifer Beals, Ian Bannen"
tt4191374,Ti voglio bene,2015,Documentary,Lyia Terki,N/A
tt0101330,Americano rosso,1991,Comedy,Alessandro D'Alatri,"Burt Young, Fabrizio Bentivoglio, Valeria Milillo, Sabrina Ferilli"
tt0062271,"The Birds, the Bees and the Italians",1966,Comedy,Pietro Germi,"Virna Lisi, Gastone Moschin, Alberto Lionello, Olga Villi"
tt0079991,Tatort,1979,Crime,Wolfgang Staudte,"Hansj√∂rg Felmy, Klaus L√∂witsch, Karin Eickelbaum, Hans Georg Panczak"
tt0793030,The Amazing Race,2003,"Action, Adventure, Game-Show",N/A,"Phil Keoghan, Kelly Parks, Jon Corso, Monica Ambrose"
tt0285335,The Amazing Race,2001‚Äì,"Action, Adventure, Game-Show",N/A,Phil Keoghan
tt1048394,Episode #1.3211,2000,"Drama, Romance",N/A,"Darlene Conley, Susan Flannery, Winsor Harmon, Katherine Kelly Lang"
tt0101330,Americano rosso,1991,Comedy,Alessandro D'Alatri,"Burt Young, Fabrizio Bentivoglio, Valeria Milillo, Sabrina Ferilli"
tt0842515,Conny und die verschwundene Ehefrau,2005,"Comedy, Crime",Reinhard Schwabenitzky,"Elfi Eschke, Peter Fricke, Stefanie Frischeis, Johannes Krisch"
tt0065614,Das kann doch unsren Willi nicht ersch√ºttern,1970,Comedy,Rolf Olsen,"Heinz Erhardt, Ruth Stephan, G√ºnther Jerschke, K√§te Jaenicke"
tt0065406,Million Dollar Eel,1971,Comedy,Salvatore Samperi,"Ottavia Piccolo, Lino Toffolo, Mario Adorf, Rodolfo Baldini"
tt2851344,Paradise Island,2006‚Äì2008,Action,N/A,"Alexander H√∂lzl, Dana Proetsch, Uwe Stoiber, Thomas Pramhas"
tt0062656,A Place for Lovers,1968,"Drama, Romance",Vittorio De Sica,"Faye Dunaway, Marcello Mastroianni, Enrico Simonetti, Caroline Mortimer"
tt1016235,Sehnsucht nach Rimini,2007,Comedy,Dietmar Klein,"Nicole Heesters, Rebecca Immanuel, Timothy Peach, Juraj Kukura"
tt1817274,The Real Casanova,2003,"Documentary, Biography, History",Neil Rawles,"John Simm, Aldo Alessio, Paul Marc Davis, Donato Restaino"
tt0083390,Brideshead Revisited,1981,"Drama, Romance",N/A,"Jeremy Irons, Diana Quick, Roger Milner, Phoebe Nicholls"
tt0047469,Senso,1954,"Drama, History, Romance",Luchino Visconti,"Alida Valli, Farley Granger, Heinz Moog, Rina Morelli"
tt0039781,Rocambole,1948,Drama,Jacques de Baroncelli,"Pierre Brasseur, Sophie Desmarets, Lucien Nat, Robert Arnoux"
tt0036826,Fiori d'arancio,1944,N/A,Dino Hobbes Cecchini,"Toti Dal Monte, Carlo Micheluzzi, Andreina Carli, Luigi Tosi"
tt0037234,Rosalba,1944,N/A,"Max Calandri, Ferruccio Cerio","Gino Bianchi, Federico Collino, Doris Duranti, Mario Gallina"
tt0039774,La revanche de Baccarat,1948,N/A,Jacques de Baroncelli,"Pierre Brasseur, Sophie Desmarets, Lucien Nat, Robert Arnoux"
tt0070109,Giordano Bruno,1973,"Biography, Drama",Giuliano Montaldo,"Gian Maria Volont√©, Hans Christian Blech, Mathieu Carri√®re, Renato Scarpa"
tt0381061,Casino Royale,2006,"Action, Adventure, Thriller",Martin Campbell,"Daniel Craig, Eva Green, Mads Mikkelsen, Judi Dench"
tt0828406,Ken Adam's Production Films: Moonraker,2006,"Documentary, Short",John Cork,"Ken Adam, Letitzia Adam, Charles Bishop, Emily Bolton"
tt0079574,Moonraker,1979,"Action, Adventure, Crime",Lewis Gilbert,"Roger Moore, Lois Chiles, Michael Lonsdale, Richard Kiel"
tt0828406,Ken Adam's Production Films: Moonraker,2006,"Documentary, Short",John Cork,"Ken Adam, Letitzia Adam, Charles Bishop, Emily Bolton"
tt0057076,From Russia with Love,1963,"Action, Adventure, Thriller",Terence Young,"Sean Connery, Daniela Bianchi, Pedro Armend√°riz, Lotte Lenya"
tt0079574,Moonraker,1979,"Action, Adventure, Crime",Lewis Gilbert,"Roger Moore, Lois Chiles, Michael Lonsdale, Richard Kiel"
tt0069995,Don't Look Now,1973,"Drama, Horror, Thriller",Nicolas Roeg,"Julie Christie, Donald Sutherland, Hilary Mason, Clelia Matania"
tt0381061,Casino Royale,2006,"Action, Adventure, Thriller",Martin Campbell,"Daniel Craig, Eva Green, Mads Mikkelsen, Judi Dench"
tt0924399,007 in Rio,1979,"Documentary, Short",Michel Parbot,"Roger Moore, Albert R. Broccoli, Lois Chiles, Lewis Gilbert"
tt0083390,Brideshead Revisited,1981,"Drama, Romance",N/A,"Jeremy Irons, Diana Quick, Roger Milner, Phoebe Nicholls"
tt1512851,Maometto secondo,2005,"Drama, Musical",Tiziano Mancini,"Lorenzo Regazzo, Federico Lepre, Maxim Mironov, Carmen Giannattasio"
tt0435475,La traviata,2004,"Music, Drama",Patrizia Carmine,"Patrizia Ciofi, Roberto Sacc√†, Dmitri Hvorostovsky, Eufemia Tufano"
tt0047469,Senso,1954,"Drama, History, Romance",Luchino Visconti,"Alida Valli, Farley Granger, Heinz Moog, Rina Morelli"
tt0065408,The Anonymous Venetian,1970,"Drama, Romance",Enrico Maria Salerno,"Tony Musante, Florinda Bolkan, Toti Dal Monte, Sandro Grinfan"
tt0040605,The Glass Mountain,1949,Drama,Henry Cass,"Michael Denison, Dulcie Gray, Valentina Cortese, Sebastian Shaw"
tt0067445,Death in Venice,1971,Drama,Luchino Visconti,"Dirk Bogarde, Romolo Valli, Mark Burns, Nora Ricci"
tt1726069,Rigoletto,2010,"Drama, Musical",George Blume,"Eric Cutler, Roberto Frontali, D√©sir√©e Rancatore, Marco Spotti"
tt0868146,The Girls Next Door,2006,"Comedy, Reality-TV, Romance",N/A,"Holly Madison, Bridget Marquardt, Kendra Wilkinson, Hugh M. Hefner"
tt0636811,"Venetian Love Song/Down for the Count/Arrividerci, Gopher/The Arrangement: Part 2",1982,"Comedy, Romance",Richard Kinon,"Gavin MacLeod, Bernie Kopell, Fred Grandy, Ted Lange"
tt1048395,Episode #1.3212,2000,"Drama, Romance","Susan Flannery, Michael Stich","Victor Alfieri, Andrea Evans, Adrienne Frantz, Katherine Kelly Lang"
tt0382019,Eternal,2004,"Horror, Mystery, Thriller","Wilhelm Liebenberg, Federico Sanchez","Conrad Pla, Caroline N√©ron, Victoria Sanchez, Sarah Manninen"
tt0069808,Blume in Love,1973,"Comedy, Drama, Romance",Paul Mazursky,"George Segal, Susan Anspach, Kris Kristofferson, Marsha Mason"
tt0366904,Pink Floyd in Venice,1989,"Documentary, Music","Egbert van Hees, Wayne Isham","David Gilmour, Richard Wright, Nick Mason, Jon Carin"
tt1182972,Bachna Ae Haseeno,2008,"Comedy, Drama, Romance",Siddharth Anand,"Ranbir Kapoor, Bipasha Basu, Minissha Lamba, Deepika Padukone"
tt0317740,The Italian Job,2003,"Action, Crime, Thriller",F. Gary Gray,"Mark Wahlberg, Charlize Theron, Donald Sutherland, Jason Statham"
tt1427333,Very Important Pennis: Part 1,1996,Comedy,N/A,"Paul Kaye, Kris Akabusi, Giorgio Armani, Baz Bamigboye"
tt2525558,An Idiot Abroad,2012,"Documentary, Comedy, Reality-TV",Richard Yee,"Karl Pilkington, Warwick Davis, Ricky Gervais"
tt0828406,Ken Adam's Production Films: Moonraker,2006,"Documentary, Short",John Cork,"Ken Adam, Letitzia Adam, Charles Bishop, Emily Bolton"
tt0079574,Moonraker,1979,"Action, Adventure, Crime",Lewis Gilbert,"Roger Moore, Lois Chiles, Michael Lonsdale, Richard Kiel"
tt0229384,"Feeding Pigeons in Front of St. Mark's Cathedral, Venice, Italy",1903,"Documentary, Short",N/A,N/A
tt0305711,Just Married,2003,"Comedy, Romance",Shawn Levy,"Ashton Kutcher, Brittany Murphy, Christian Kane, David Moscow"
tt3358834,Place Saint Marc,1905,"Documentary, Short",N/A,N/A
tt1512586,Coach Trip,2005,Reality-TV,Matt Walton,"Andy Love, Brendan Sheerin"
tt2614678,St. Mark's from the Grand Canal,1901,"Documentary, Short",N/A,N/A
tt0069995,Don't Look Now,1973,"Drama, Horror, Thriller",Nicolas Roeg,"Julie Christie, Donald Sutherland, Hilary Mason, Clelia Matania"
tt1056688,Episode #1.3221,2000,"Drama, Romance",N/A,"Victor Alfieri, Darlene Conley, Adrienne Frantz, Daniel McVicar"
tt4341936,Broadway Kept,2017,Thriller,Pierre Perea,"John Emil D'Angelo, Clarissa Corinne, Nick Conti, Emma Elliott"
tt0120520,The Wings of the Dove,1997,"Drama, Romance",Iain Softley,"Helena Bonham Carter, Linus Roache, Alex Jennings, Charlotte Rampling"
tt0067445,Death in Venice,1971,Drama,Luchino Visconti,"Dirk Bogarde, Romolo Valli, Mark Burns, Nora Ricci"
tt0381061,Casino Royale,2006,"Action, Adventure, Thriller",Martin Campbell,"Daniel Craig, Eva Green, Mads Mikkelsen, Judi Dench"
tt0048673,Summertime,1955,"Romance, Drama",David Lean,"Katharine Hepburn, Rossano Brazzi, Isa Miranda, Darren McGavin"
tt4346304,Psychos DFLLL,2010,Documentary,Malga Kubiak,"Cecil, Maryse Dinsart, Douz, Bruce Geduldig"
tt0045251,Othello,1952,"Drama, Romance",Orson Welles,"Orson Welles, Miche√°l MacLiamm√≥ir, Robert Coote, Suzanne Cloutier"
tt0472521,Magic Mirror,2005,"Drama, Music",Manoel de Oliveira,"Leonor Silveira, Ricardo Tr√™pa, Lu√≠s Miguel Cintra, Leonor Baldaque"
tt2545884,Panorama of St. Mark's Square,1901,"Documentary, Short",N/A,N/A
tt0402177,Feeding Pigeons in the Streets of Venice,1903,"Documentary, Short",N/A,N/A
tt3113374,Alex in the Afternoons,2014,"Crime, Thriller",Markus Innocenti,"John Rhys-Davies, Hannah Cowley, Kirsten Lea"
tt0116242,Everyone Says I Love You,1996,"Comedy, Musical, Romance",Woody Allen,"Edward Norton, Drew Barrymore, Diva Gray, Ami Almendral"
tt0317009,Pope John XXIII,2002,"Biography, Drama",Giorgio Capitani,"Edward Asner, Massimo Ghini, Claude Rich, Michael Mendl"
tt1530333,Episode #1.3216,2000,"Drama, Romance",N/A,"Darlene Conley, Bobbie Eakes, Andrea Evans, Adrienne Frantz"
tt1021018,"Des Bains, Venedig",2002,Documentary,Rita Knobel-Ulrich,N/A
tt0116209,The English Patient,1996,"Drama, Romance, War",Anthony Minghella,"Ralph Fiennes, Juliette Binoche, Willem Dafoe, Kristin Scott Thomas"
tt0067445,Death in Venice,1971,Drama,Luchino Visconti,"Dirk Bogarde, Romolo Valli, Mark Burns, Nora Ricci"
tt0793030,The Amazing Race,2003,"Action, Adventure, Game-Show",N/A,"Phil Keoghan, Kelly Parks, Jon Corso, Monica Ambrose"
tt0040090,The Lovers of Verona,1949,Drama,Andr√© Cayatte,"Serge Reggiani, Anouk Aim√©e, Pierre Brasseur, Louis Salou"
tt1112836,Hitler & Mussolini - Eine brutale Freundschaft,2007,Documentary,"Ullrich Kasten, Hans von Brescius","Adolf Hitler, Benito Mussolini"
tt0116242,Everyone Says I Love You,1996,"Comedy, Musical, Romance",Woody Allen,"Edward Norton, Drew Barrymore, Diva Gray, Ami Almendral"
tt0385872,Ministry: Sphinctour,2002,Music,N/A,"Al Jourgensen, Paul Barker, Duane Buford, Zlatko Hukic"
tt0165550,Is There a Frenchman in the House?,1982,"Comedy, Crime",Jean-Pierre Mocky,"Victor Lanoux, Jacques Dutronc, Jacqueline Maillan, Michel Galabru"
tt0040090,The Lovers of Verona,1949,Drama,Andr√© Cayatte,"Serge Reggiani, Anouk Aim√©e, Pierre Brasseur, Louis Salou"
tt1583737,Unforgivable,2011,Drama,Andr√© T√©chin√©,"Andr√© Dussollier, Carole Bouquet, M√©lanie Thierry, Adriana Asti"
tt1530336,The Bold and the Beautiful,2000,"Drama, Romance",N/A,"Andrea Evans, Adrienne Frantz, Winsor Harmon, Katherine Kelly Lang"
tt0381061,Casino Royale,2006,"Action, Adventure, Thriller",Martin Campbell,"Daniel Craig, Eva Green, Mads Mikkelsen, Judi Dench"
tt0069995,Don't Look Now,1973,"Drama, Horror, Thriller",Nicolas Roeg,"Julie Christie, Donald Sutherland, Hilary Mason, Clelia Matania"
tt0079574,Moonraker,1979,"Action, Adventure, Crime",Lewis Gilbert,"Roger Moore, Lois Chiles, Michael Lonsdale, Richard Kiel"
tt0069995,Don't Look Now,1973,"Drama, Horror, Thriller",Nicolas Roeg,"Julie Christie, Donald Sutherland, Hilary Mason, Clelia Matania"
tt1205587,Empire Me: New Worlds Are Happening!,2011,Documentary,Paul Poet,"Paul Poet, John Rinaldi, Caledonia Curry, Dark Dark Dark"
tt4191374,Ti voglio bene,2015,Documentary,Lyia Terki,N/A
tt1530335,The Bold and the Beautiful,2000,"Drama, Romance",N/A,"Andrea Evans, Adrienne Frantz, Winsor Harmon, Katherine Kelly Lang"
tt0828406,Ken Adam's Production Films: Moonraker,2006,"Documentary, Short",John Cork,"Ken Adam, Letitzia Adam, Charles Bishop, Emily Bolton"
tt0057076,From Russia with Love,1963,"Action, Adventure, Thriller",Terence Young,"Sean Connery, Daniela Bianchi, Pedro Armend√°riz, Lotte Lenya"
tt0079574,Moonraker,1979,"Action, Adventure, Crime",Lewis Gilbert,"Roger Moore, Lois Chiles, Michael Lonsdale, Richard Kiel"
tt0165550,Is There a Frenchman in the House?,1982,"Comedy, Crime",Jean-Pierre Mocky,"Victor Lanoux, Jacques Dutronc, Jacqueline Maillan, Michel Galabru"
tt1530334,The Bold and the Beautiful,2000,"Drama, Romance",N/A,"Andrea Evans, Adrienne Frantz, Winsor Harmon, Katherine Kelly Lang"
tt0069995,Don't Look Now,1973,"Drama, Horror, Thriller",Nicolas Roeg,"Julie Christie, Donald Sutherland, Hilary Mason, Clelia Matania"
tt0065374,The Adventurers,1970,"Action, Adventure, Drama",Lewis Gilbert,"Charles Aznavour, Alan Badel, Candice Bergen, Thommy Berggren"
tt1048393,Episode #1.3210,2000,"Drama, Romance",N/A,"Victor Alfieri, Michelle Artigas, Susan Flannery, Adrienne Frantz"
tt0381061,Casino Royale,2006,"Action, Adventure, Thriller",Martin Campbell,"Daniel Craig, Eva Green, Mads Mikkelsen, Judi Dench"
tt1583737,Unforgivable,2011,Drama,Andr√© T√©chin√©,"Andr√© Dussollier, Carole Bouquet, M√©lanie Thierry, Adriana Asti"
tt0116242,Everyone Says I Love You,1996,"Comedy, Musical, Romance",Woody Allen,"Edward Norton, Drew Barrymore, Diva Gray, Ami Almendral"
tt0924399,007 in Rio,1979,"Documentary, Short",Michel Parbot,"Roger Moore, Albert R. Broccoli, Lois Chiles, Lewis Gilbert"
tt1530334,The Bold and the Beautiful,2000,"Drama, Romance",N/A,"Andrea Evans, Adrienne Frantz, Winsor Harmon, Katherine Kelly Lang"
tt1530333,Episode #1.3216,2000,"Drama, Romance",N/A,"Darlene Conley, Bobbie Eakes, Andrea Evans, Adrienne Frantz"
tt0040090,The Lovers of Verona,1949,Drama,Andr√© Cayatte,"Serge Reggiani, Anouk Aim√©e, Pierre Brasseur, Louis Salou"
tt0045251,Othello,1952,"Drama, Romance",Orson Welles,"Orson Welles, Miche√°l MacLiamm√≥ir, Robert Coote, Suzanne Cloutier"
tt1243957,The Tourist,2010,"Action, Romance, Thriller",Florian Henckel von Donnersmarck,"Johnny Depp, Angelina Jolie, Paul Bettany, Timothy Dalton"
tt0053204,Il raccomandato di ferro,1959,Comedy,Marcello Baldi,"Mario Riva, Franca Marzi, Alessandra Panaro, Aroldo Tieri"
tt0398067,Franco Bagongo,2002,"Comedy, Crime, Drama",Corrado Meraviglia,"Lorenzo Soccoli, Luca Mamprin, Eleonora Goattin, Roberto Massaro"
tt0430447,Panorama du grand Canal pris d'un bateau,1896,"Documentary, Short",Alexandre Promio,N/A
tt0017736,The Loves of Casanova,1927,"Biography, Drama",Alexandre Volkoff,"Ivan Mozzhukhin, Suzanne Bianchetti, Diana Karenne, Jenny Jugo"
tt0052352,"Venice, the Moon and You",1958,Comedy,Dino Risi,"Alberto Sordi, Marisa Allasio, Ingeborg Schˆner, Niki Dantine"
